task_id,category,retention,full_pivot,compressed_pivot,pivot_preserved,fixed_pivot_feasible,raw_validity,semantic_regret,full_answer,truncated_answer,cache_tokens_full,cache_tokens_kept,has_pivot_header
A01,incident,0.1,A01-E065,A01-E002,0,1,0.91,0.2511396233510341,"PIVOT_ID=A01-E065

The root cause of the incident is A01-E065, which has a composite severity score of 108 (Severity=9 * Scope=12). This event is a ""Cascade failure across service mesh"" and is the highest-scoring event in the timeline.

To identify the prerequisite events that enabled this root cause, we need to look for events that have a high composite severity score and are likely to have contributed to the cascade failure. 

A01-E065 has a composite severity score of 108, which is significantly higher than any other event in the timeline. The next highest-scoring event is A01-E017, which has a composite severity score of 30. However, A01-E017 is a ""Routine telemetry"" event and does not seem to be directly related to the cascade failure.

Looking at the events leading up to A01-E065, we can see that A01-E058 has a composite severity score of 20 and is a ""Routine telemetry"" event. This event is likely to have contributed to the cascade failure, as","To find the root cause, we need to identify the event with the highest composite severity score. 

The highest composite severity score is 30, which is shared by multiple events. However, we need to find the event with the highest composite severity score that is not a prerequisite for any other event with the same composite severity score. 

Comparing the events with the highest composite severity score, we have:

- A01-E002 (Composite=30) 
- A01-E001 (Composite=10) 

Since A01-E002 has a higher composite severity score than A01-E001, we will focus on A01-E002. 

Now, we need to find prerequisite events for A01-E002. 

A01-E002 is a routine telemetry event from the ledger service. To find prerequisite events, we need to look for events that have a lower composite severity score and are related to the ledger service. 

A01-E001 is a routine telemetry event from the auth service, but it has a lower composite severity score than A01-E002. However, it is related to",6861,686,0
A02,incident,0.1,A02-E062,A02-E001,0,1,0.8899999999999999,0.3478197598960338,"PIVOT_ID=A02-E062

The root cause is A02-E062, which has a composite severity score of 108 (Severity=9 * Scope=12). This event is a cascade failure across the service mesh, indicating a critical issue that affected multiple services.

Prerequisite events that enabled this root cause include:

- A02-E033 (Composite=30): This event has a high composite severity score and is related to the api-gateway service, which is likely affected by the cascade failure.
- A02-E034 (Composite=25): This event has a high composite severity score and is related to the billing service, which is likely affected by the cascade failure.
- A02-E035 (Composite=10): This event has a moderate composite severity score and is related to the search service, which is likely affected by the cascade failure.
- A02-E037 (Composite=15): This event has a moderate composite severity score and is related to the ledger service, which is likely affected by the cascade failure.
- A02-E038 (Composite=8): This event","To find the root cause, we need to identify the event with the highest composite severity score. 

The composite severity scores are:
- A02-E001: 20
- A02-E002: 18
- A02-E003: Not present in the list, but we can ignore it since it's not the highest composite severity score.

The highest composite severity score is 20, which belongs to A02-E001. 

PIVOT_ID = A02-E001",6835,683,1
A03,incident,0.1,A03-E058,A03-E002,0,1,0.91,0.3152120167613809,"PIVOT_ID=A03-E058

The root cause is A03-E058, which has a composite severity score of 108 (Severity=9 * Scope=12). This event is a cascade failure across the service mesh, indicating a high-impact transition in incident operations.

Prerequisite events that enabled this root cause include:

- A03-E001: This event has a composite severity score of 12 (Severity=4 * Scope=3) and is a structural breadcrumb that sets the stage for the incident.
- A03-E002: This event has a composite severity score of 24 (Severity=4 * Scope=6) and is another structural breadcrumb that contributes to the incident.
- A03-E003: This event has a composite severity score of 8 (Severity=2 * Scope=4) and is a causal prerequisite for later interpretation.
- A03-E004: This event has a composite severity score of 15 (Severity=5 * Scope=3) and is another causal prerequisite for later interpretation.
- A03-E005: This event has a composite","To find the root cause, we need to identify the event with the highest composite severity score. 

The highest composite severity score is 48, which is shared by multiple events. However, we need to find the event with the highest composite severity score that is not a prerequisite for any other event with a higher composite severity score. 

[A03-E002] 2026-05-02 09:07 | Service=ledger | Event=Routine telemetry | Severity=4 | Scope=6 | Composite=24 is a strong candidate for the root cause. However, we need to check if there are any other events with a higher composite severity score that are not prerequisites for this event. 

[A03-E001] 2026-05-01 08:00 | Service=auth | Event=Routine telemetry | Severity=4 | Scope=3 | Composite=12 is a prerequisite for [A03-E002] 2026-05-02 09:07 | Service=ledger | Event=Routine telemetry | Severity=4 | Scope=6 | Composite=24.",6907,690,0
A04,incident,0.1,A04-E001,A04-E001,1,1,0.99,0.2706601328874431,"To find the root cause, we need to calculate the composite severity score for each event and identify the event with the highest score.

Here are the composite severity scores for each event:

1. A04-E001: 4
2. A04-E002: 12
3. A04-E003: 6
4. A04-E004: 12
5. A04-E005: 12
6. A04-E006: 6
7. A04-E007: 24
8. A04-E008: 20
9. A04-E009: 25
10. A04-E010: 14
11. A04-E011: 24
12. A04-E012: 14
13. A04-E013: 28
14. A04-E014: 16
15. A04-E015: 10
16. A04-E016: 12
17. A04-E017: 6
18. A04-E018: 12
19. A04","To find the root cause, we need to identify the event with the highest composite severity score. 

The events are:
- A04-E001: Composite=4
- A04-E002: Composite=12
- A04-E003: Composite=12

The highest composite severity score is 12, which is shared by two events: A04-E002 and A04-E003. However, since we are looking for a single root cause, we need to find the event with the highest severity score that is not a structural breadcrumb. 

A04-E001 and A04-E002/A04-E003 are structural breadcrumbs. Therefore, we will look for the event with the highest severity score that is not a structural breadcrumb.

The highest severity score among the non-structural breadcrumbs is 5 (A04-E003 is not a structural breadcrumb, but its composite score is 12, which is higher than A04-E001's composite score of 4). However, A04-E002 has a higher composite score than A04-E001.",6833,683,0
B01,investment,0.1,B01-E033,B01-E002,0,1,0.58,0.3843770370999961,"PIVOT_ID=B01-E033

The anchor position is Helios Grid Infrastructure, with a cumulative return of 8.49% at Week-33. To analyze the market conditions that preceded and enabled this position's success, we need to look at the events leading up to Week-33.

From the timeline, we can see that Helios Grid Infrastructure had a cumulative return of 3.08% at Week-13, and then increased to 5.25% at Week-28. However, it was not until Week-33 that it reached its highest cumulative return of 8.49%.

Looking at the events around Week-33, we can see that there were several positive returns from other positions, including:

* Aurelia AI Semiconductor Basket had a cumulative return of 6.56% at Week-32, and then increased to 10.76% at Week-47.
* BlueHarbor Treasury Arbitrage had a cumulative return of 7.02% at Week-34, and then increased to 8.52% at Week-54.
*","To find the anchor position, we need to identify the entry with the highest cumulative return. 

The highest cumulative return is 19.14% (B01-E002) and the anchor position is Aurelia AI Semiconductor Basket.

PIVOT_ID=B01-E002",6677,667,1
B02,investment,0.1,B02-E073,B02-E003,0,1,0.7299999999999999,0.3086427018601815,"PIVOT_ID=B02-E073

The anchor position is B02-E073, which corresponds to Week-73. To analyze the market conditions that preceded and enabled this position's success, we need to look at the cumulative returns of the positions before and after B02-E073.

The cumulative return of B02-E073 is 19.85%. The position before B02-E073, B02-E072, has a cumulative return of 8.62%. The position after B02-E073, B02-E074, has a cumulative return of 8.57%.

However, the anchor position B02-E073 is not the position with the highest cumulative return in the entire timeline. The position with the highest cumulative return is actually B02-E081, which has a cumulative return of 10.19%. 

To analyze the market conditions that preceded and enabled B02-E081's success, we need to look at the cumulative returns of the positions before and after B02-E081.

The position before B02-E081, B02-E080, has a cumulative return of","To find the anchor position, we need to identify the entry with the highest cumulative return. 

Analyzing the given data:

- Week-01: CumulativeReturn=-0.34%
- Week-02: CumulativeReturn=1.71%
- Week-03: CumulativeReturn=10.19% (Note: This is the highest cumulative return, so it is the anchor position)

The anchor position is Week-03. 

PIVOT_ID=B02-E003",6663,666,1
B03,investment,0.1,B03-E068,,0,1,0.2,0.3567866911051084,"PIVOT_ID=B03-E068

The anchor position is Aurelia AI Semiconductor Basket, with a cumulative return of 27.45% at Week-68. To analyze the market conditions that preceded and enabled this position's success, we need to look at the events leading up to this point.

A key event that contributed to the success of Aurelia AI Semiconductor Basket is B03-E067, where the position had a weekly return of +1.15% and a cumulative return of 12.53%. This event shows that the position was performing well and gaining momentum before the significant jump in Week-68.

Another important event is B03-E066, where the position had a weekly return of +0.19% and a cumulative return of 9.54%. This event indicates that the position was steadily increasing in value and setting the stage for the larger gain in Week-68.

Additionally, the events B03-E065, B03-E064, and B03-E063 show that the position was performing well and gaining traction in the weeks leading up to Week-68.","To find the anchor position, we need to identify the entry with the highest cumulative return. 

The highest cumulative return is 27.62% which is found in Week-84.",6724,672,0
B04,investment,0.1,B04-E041,B04-E001,0,1,0.58,0.25005598880706,"To determine the anchor position, we need to find the entry with the highest cumulative return in the full timeline. 

After analyzing the given data, the entry with the highest cumulative return is B04-E041, with a cumulative return of 9.37% at Week-41.

PIVOT_ID=B04-E041

Now, let's analyze the market conditions that preceded and enabled this position's success.

The position B04-E041 is NorthRiver Utilities Carry, which was first introduced in Week-01 with a cumulative return of 1.44%. 

However, the significant growth in the cumulative return of this position started from Week-31, where it had a weekly return of +2.11% and a cumulative return of 7.57%. 

Looking at the previous weeks, we can see that the position BlueHarbor Treasury Arbitrage had a significant impact on the overall portfolio performance. In Week-24, it had a weekly return of +2.04% and a cumulative return of 5.48%, which is the highest cumulative return among all positions at that","To find the anchor position, we need to identify the entry with the highest cumulative return. 

The highest cumulative return is 1.44% in Week-01, which corresponds to the entry in B04-E001. 

PIVOT_ID=B04-E001",6686,668,1
C01,narrative,0.1,C01-E052,C01-E003,0,1,0.8299999999999998,0.3211862856786824,"PIVOT_ID=C01-E052

The turning point of the story is Scene-52, where Actor=Sana releases the sealed ledger proving council fraud with a ConsequenceScore of 24. This event has the highest consequence score across all scenes, indicating that it is the most significant turning point in the story.

Earlier events that made this possible include:

- C01-E001 to C01-E050: These scenes establish the routine updates and mundane logistical details that set the stage for the story. They show the characters exchanging information and performing tasks, but with relatively low consequence scores.
- C01-E051 to C01-E053: These scenes continue to show routine updates and mundane logistical details, but with slightly higher consequence scores. They hint at the growing tension and importance of the events unfolding.
- C01-E054 to C01-E056: These scenes introduce more dramatic events, such as staged confrontations, but with lower consequence scores. They suggest that the characters are taking action, but the impact is not yet significant.
- C01-E057 to C01-E060: These","The turning point of the story is the action with the highest ConsequenceScore. To find this, we need to compare the ConsequenceScores of all actions.

Scene-01: ConsequenceScore=5
Scene-02: ConsequenceScore=5
Scene-03: ConsequenceScore=7
Scene-04 to Scene-80: ConsequenceScore <= 7

The highest ConsequenceScore is 7, which is found in Scene-03. Therefore, the turning point of the story is:

PIVOT_ID=C01-E003

This turning point is the action where Elio exchanged routine updates at the north gate.",5766,576,1
C02,narrative,0.1,C02-E054,C02-E002,0,1,0.58,0.3581995176126082,"PIVOT_ID=C02-E054

The turning point of the story is Scene-54, where Cato released the sealed ledger proving council fraud, with a ConsequenceScore of 24. This event had the highest consequence score across all scenes, indicating that it had the most significant impact on the story's progression.

Earlier events that made this possible include:

- C02-E001 to C02-E003: These scenes set the stage for the story by establishing the routine updates and character dynamics.
- C02-E004 to C02-E006: These scenes continued to build the story by introducing more characters and their interactions, while also hinting at the importance of the updates.
- C02-E007 to C02-E008: These scenes maintained the routine updates and character dynamics, but also introduced some minor variations and dependencies that would become crucial later.
- C02-E009 to C02-E010: These scenes continued to build the story by introducing more characters and their interactions, while also hinting at the importance of the updates.
- C02-E011 to C02-E013","To find the turning point, we need to identify the scene with the highest ConsequenceScore. 

Scene-02 has the highest ConsequenceScore of 9. 

PIVOT_ID=C02-E002",5733,573,1
C03,narrative,0.1,C03-E060,C03-E003,0,1,0.58,0.3385216863051737,"PIVOT_ID=C03-E060

The turning point of the story is Scene-60, where Cato releases the sealed ledger proving council fraud, with a ConsequenceScore of 24. This event has the highest consequence score across all scenes, making it the turning point of the story.

Earlier events that made this possible include:

- C03-E001 to C03-E059: These scenes establish the routine updates and mundane activities of the characters, setting the stage for the events that follow.
- C03-E058: This scene shows Sana exchanging routine updates, which may seem insignificant on its own but contributes to the overall narrative context.
- C03-E059: This scene shows Iris sharing mundane logistical details, which may seem boring but helps to create a sense of normalcy before the dramatic event.
- C03-E060: This scene is the turning point, where Cato releases the sealed ledger, revealing council fraud and changing the course of the story.

The events leading up to this turning point create a sense of normalcy and routine, making the revelation of the council's","To find the turning point, we need to identify the scene with the highest ConsequenceScore. 

Scene-01 has a ConsequenceScore of 2, Scene-02 has a ConsequenceScore of 5, and Scene-03 has a ConsequenceScore of 7. 

The highest ConsequenceScore is 7, which belongs to Scene-03. 

PIVOT_ID=C03-E003.",5785,578,1
C04,narrative,0.1,C04-E052,C04-E003,0,1,0.38,0.4630231272037852,"PIVOT_ID=C04-E052

The turning point of the story is Scene-52, where Actor=Sana releases the sealed ledger proving council fraud with a ConsequenceScore of 24. This event has the highest consequence score across all scenes, indicating that it is the most significant turning point in the story.

Earlier events that made this possible include:

- C04-E001 to C04-E050: These scenes establish the routine updates and mundane logistical details that set the stage for the story. They show the characters exchanging information and performing tasks, but with relatively low consequence scores.
- C04-E051 to C04-E071: These scenes continue to show the characters exchanging routine updates and performing tasks, but with slightly higher consequence scores. They start to hint at the possibility of something more significant happening.
- C04-E072 to C04-E080: These scenes continue to show the characters exchanging routine updates, but with even higher consequence scores. They start to build up to the turning point.

The turning point, C04-E052, is made possible by the accumulation of these earlier","Scene-03 | Actor=Elio | Location=north gate | Action=exchanged routine updates | ConsequenceScore=8

PIVOT_ID=C04-E003",5714,571,1
A01,incident,0.3,A01-E065,A01-E001,0,1,1.0,0.3744572902127011,"PIVOT_ID=A01-E065

The root cause of the incident is A01-E065, which has a composite severity score of 108 (Severity=9 * Scope=12). This event is a ""Cascade failure across service mesh"" and is the highest-scoring event in the timeline.

To identify the prerequisite events that enabled this root cause, we need to look for events that have a high composite severity score and are likely to have contributed to the cascade failure. 

A01-E065 has a composite severity score of 108, which is significantly higher than any other event in the timeline. The next highest-scoring event is A01-E017, which has a composite severity score of 30. However, A01-E017 is a ""Routine telemetry"" event and does not seem to be directly related to the cascade failure.

Looking at the events leading up to A01-E065, we can see that A01-E058 has a composite severity score of 20 and is a ""Routine telemetry"" event. This event is likely to have contributed to the cascade failure, as","To find the root cause, we need to calculate the composite severity of each event and find the event with the highest composite severity.

[A01-E001] 2026-05-01 08:00 | Service=auth | Event=Routine telemetry | Severity=5 | Scope=2 | Composite=10
[A01-E002] 2026-05-02 09:07 | Service=ledger | Event=Routine telemetry | Severity=5 | Scope=3 | Composite=15
[A01-E003] 2026-05-03 10:15 | Service=auth | Event=Routine telemetry | Severity=5 | Scope=2 | Composite=10
[A01-E004] 2026-05-04 11:00 | Service=ledger | Event=Routine telemetry | Severity=5 | Scope=3 | Composite=15
[A01-E005] 2026-05-05 11:30 | Service=auth | Event=Routine telemetry | Severity=5 | Scope=2 | Composite=10
[A01-E006",6861,2058,0
A02,incident,0.3,A02-E062,A02-E001,0,1,0.8999999999999999,0.3360597295226376,"PIVOT_ID=A02-E062

The root cause is A02-E062, which has a composite severity score of 108 (Severity=9 * Scope=12). This event is a cascade failure across the service mesh, indicating a critical issue that affected multiple services.

Prerequisite events that enabled this root cause include:

- A02-E033 (Composite=30): This event has a high composite severity score and is related to the api-gateway service, which is likely affected by the cascade failure.
- A02-E034 (Composite=25): This event has a high composite severity score and is related to the billing service, which is likely affected by the cascade failure.
- A02-E035 (Composite=10): This event has a moderate composite severity score and is related to the search service, which is likely affected by the cascade failure.
- A02-E037 (Composite=15): This event has a moderate composite severity score and is related to the ledger service, which is likely affected by the cascade failure.
- A02-E038 (Composite=8): This event","To find the root cause, we need to calculate the composite severity score for each event and find the event with the highest score.

Event A02-E001 has a composite severity of 20 (Severity * Scope = 5 * 4 = 20)
Event A02-E002 has a composite severity of 18 (Severity * Scope = 3 * 6 = 18)
Event A02-E003 has a composite severity of 18 (Severity * Scope = 3 * 6 = 18)
Event A02-E004 has a composite severity of 0 (Severity * Scope = 0 * 0 = 0)

The event with the highest composite severity is A02-E002 with a score of 18.",6835,2050,0
A03,incident,0.3,A03-E058,A03-E001,0,1,1.0,0.3691155845026259,"PIVOT_ID=A03-E058

The root cause is A03-E058, which has a composite severity score of 108 (Severity=9 * Scope=12). This event is a cascade failure across the service mesh, indicating a high-impact transition in incident operations.

Prerequisite events that enabled this root cause include:

- A03-E001: This event has a composite severity score of 12 (Severity=4 * Scope=3) and is a structural breadcrumb that sets the stage for the incident.
- A03-E002: This event has a composite severity score of 24 (Severity=4 * Scope=6) and is another structural breadcrumb that contributes to the incident.
- A03-E003: This event has a composite severity score of 8 (Severity=2 * Scope=4) and is a causal prerequisite for later interpretation.
- A03-E004: This event has a composite severity score of 15 (Severity=5 * Scope=3) and is another causal prerequisite for later interpretation.
- A03-E005: This event has a composite","To find the root cause, we need to calculate the composite severity score for each event and find the event with the highest score.

[A03-E001] 2026-05-01 08:00 | Service=auth | Event=Routine telemetry | Severity=4 | Scope=3 | Composite=12
[A03-E002] 2026-05-02 09:07 | Service=ledger | Event=Routine telemetry | Severity=4 | Scope=6 | Composite=24
[A03-E003] 2026-05-03 10:15 | Service=auth | Event=Routine telemetry | Severity=4 | Scope=4 | Composite=16
[A03-E004] 2026-05-04 10:30 | Service=ledger | Event=Routine telemetry | Severity=4 | Scope=5 | Composite=20
[A03-E005] 2026-05-05 11:00 | Service=auth | Event=Routine telemetry | Severity=4 | Scope=3 | Composite=12
[A03-E006",6907,2072,0
A04,incident,0.3,A04-E001,A04-E001,1,1,0.99,0.3249266414313273,"To find the root cause, we need to calculate the composite severity score for each event and identify the event with the highest score.

Here are the composite severity scores for each event:

1. A04-E001: 4
2. A04-E002: 12
3. A04-E003: 6
4. A04-E004: 12
5. A04-E005: 12
6. A04-E006: 6
7. A04-E007: 24
8. A04-E008: 20
9. A04-E009: 25
10. A04-E010: 14
11. A04-E011: 24
12. A04-E012: 14
13. A04-E013: 28
14. A04-E014: 16
15. A04-E015: 10
16. A04-E016: 12
17. A04-E017: 6
18. A04-E018: 12
19. A04","To find the root cause, we need to calculate the composite severity score for each event and find the event with the highest score.

[A04-E001] 2026-05-01 08:00 | Service=auth | Event=Routine telemetry | Severity=2 | Scope=2 | Composite=4
[A04-E002] 2026-05-02 09:07 | Service=ledger | Event=Routine telemetry | Severity=3 | Scope=4 | Composite=12
[A04-E003] 2026-05-02 09:07 | Service=ledger | Event=Routine telemetry | Severity=3 | Scope=4 | Composite=12

The highest composite severity score is 12, which belongs to event A04-E002.",6833,2049,0
B01,investment,0.3,B01-E033,,0,1,0.4499999999999999,0.298949508956198,"PIVOT_ID=B01-E033

The anchor position is Helios Grid Infrastructure, with a cumulative return of 8.49% at Week-33. To analyze the market conditions that preceded and enabled this position's success, we need to look at the events leading up to Week-33.

From the timeline, we can see that Helios Grid Infrastructure had a cumulative return of 3.08% at Week-13, and then increased to 5.25% at Week-28. However, it was not until Week-33 that it reached its highest cumulative return of 8.49%.

Looking at the events around Week-33, we can see that there were several positive returns from other positions, including:

* Aurelia AI Semiconductor Basket had a cumulative return of 6.56% at Week-32, and then increased to 10.76% at Week-47.
* BlueHarbor Treasury Arbitrage had a cumulative return of 7.02% at Week-34, and then increased to 8.52% at Week-54.
*","To find the anchor position, we need to find the entry with the highest cumulative return. 

The highest cumulative return is 20.02% in Week-72. 

The anchor position is Week-72, with a cumulative return of 20.02%. 

Now we need to analyze the market conditions that preceded and enabled this position's success. 

Looking at the entries before Week-72, we see that Week-71 has a cumulative return of 5.74%. 

The anchor position's success was preceded by a positive return in Week-71.",6677,2003,0
B02,investment,0.3,B02-E073,B02-E073,1,1,0.58,0.2701680833717044,"PIVOT_ID=B02-E073

The anchor position is B02-E073, which corresponds to Week-73. To analyze the market conditions that preceded and enabled this position's success, we need to look at the cumulative returns of the positions before and after B02-E073.

The cumulative return of B02-E073 is 19.85%. The position before B02-E073, B02-E072, has a cumulative return of 8.62%. The position after B02-E073, B02-E074, has a cumulative return of 8.57%.

However, the anchor position B02-E073 is not the position with the highest cumulative return in the entire timeline. The position with the highest cumulative return is actually B02-E081, which has a cumulative return of 10.19%. 

To analyze the market conditions that preceded and enabled B02-E081's success, we need to look at the cumulative returns of the positions before and after B02-E081.

The position before B02-E081, B02-E080, has a cumulative return of","To find the anchor position, we need to find the entry with the highest cumulative return. 

The highest cumulative return is 19.85% which is found in Week-73. 

PIVOT_ID = B02-E073",6663,1998,1
B03,investment,0.3,B03-E068,B03-E072,0,1,0.7299999999999999,0.3312833153269663,"PIVOT_ID=B03-E068

The anchor position is Aurelia AI Semiconductor Basket, with a cumulative return of 27.45% at Week-68. To analyze the market conditions that preceded and enabled this position's success, we need to look at the events leading up to this point.

A key event that contributed to the success of Aurelia AI Semiconductor Basket is B03-E067, where the position had a weekly return of +1.15% and a cumulative return of 12.53%. This event shows that the position was performing well and gaining momentum before the significant jump in Week-68.

Another important event is B03-E066, where the position had a weekly return of +0.19% and a cumulative return of 9.54%. This event indicates that the position was steadily increasing in value and setting the stage for the larger gain in Week-68.

Additionally, the events B03-E065, B03-E064, and B03-E063 show that the position was performing well and gaining traction in the weeks leading up to Week-68.","To find the anchor position, we need to find the entry with the highest cumulative return. 

The highest cumulative return is 27.45% which is found in multiple entries. However, the anchor position is the first entry with this return. 

The first entry with a cumulative return of 27.45% is B03-E072.",6724,2017,0
B04,investment,0.3,B04-E041,B04-E069,0,1,0.38,0.4006518441199705,"To determine the anchor position, we need to find the entry with the highest cumulative return in the full timeline. 

After analyzing the given data, the entry with the highest cumulative return is B04-E041, with a cumulative return of 9.37% at Week-41.

PIVOT_ID=B04-E041

Now, let's analyze the market conditions that preceded and enabled this position's success.

The position B04-E041 is NorthRiver Utilities Carry, which was first introduced in Week-01 with a cumulative return of 1.44%. 

However, the significant growth in the cumulative return of this position started from Week-31, where it had a weekly return of +2.11% and a cumulative return of 7.57%. 

Looking at the previous weeks, we can see that the position BlueHarbor Treasury Arbitrage had a significant impact on the overall portfolio performance. In Week-24, it had a weekly return of +2.04% and a cumulative return of 5.48%, which is the highest cumulative return among all positions at that",The anchor position is B04-E069.,6686,2005,0
C01,narrative,0.3,C01-E052,C01-E065,0,1,0.38,0.4406325157286574,"PIVOT_ID=C01-E052

The turning point of the story is Scene-52, where Actor=Sana releases the sealed ledger proving council fraud with a ConsequenceScore of 24. This event has the highest consequence score across all scenes, indicating that it is the most significant turning point in the story.

Earlier events that made this possible include:

- C01-E001 to C01-E050: These scenes establish the routine updates and mundane logistical details that set the stage for the story. They show the characters exchanging information and performing tasks, but with relatively low consequence scores.
- C01-E051 to C01-E053: These scenes continue to show routine updates and mundane logistical details, but with slightly higher consequence scores. They hint at the growing tension and importance of the events unfolding.
- C01-E054 to C01-E056: These scenes introduce more dramatic events, such as staged confrontations, but with lower consequence scores. They suggest that the characters are taking action, but the impact is not yet significant.
- C01-E057 to C01-E060: These",PIVOT_ID=C01-E065 | Actor=Iris | Location=public square | Action=challenged the council | ConsequenceScore=19,5766,1729,1
C02,narrative,0.3,C02-E054,C02-E062,0,1,0.38,0.4490252920149907,"PIVOT_ID=C02-E054

The turning point of the story is Scene-54, where Cato released the sealed ledger proving council fraud, with a ConsequenceScore of 24. This event had the highest consequence score across all scenes, indicating that it had the most significant impact on the story's progression.

Earlier events that made this possible include:

- C02-E001 to C02-E003: These scenes set the stage for the story by establishing the routine updates and character dynamics.
- C02-E004 to C02-E006: These scenes continued to build the story by introducing more characters and their interactions, while also hinting at the importance of the updates.
- C02-E007 to C02-E008: These scenes maintained the routine updates and character dynamics, but also introduced some minor variations and dependencies that would become crucial later.
- C02-E009 to C02-E010: These scenes continued to build the story by introducing more characters and their interactions, while also hinting at the importance of the updates.
- C02-E011 to C02-E013",PIVOT_ID=C02-E062 | Actor=Jonas | Location=canal archive | Action=challenged the council in a public square | ConsequenceScore=19,5733,1719,1
C03,narrative,0.3,C03-E060,C03-E068,0,1,0.38,0.4655556050592728,"PIVOT_ID=C03-E060

The turning point of the story is Scene-60, where Cato releases the sealed ledger proving council fraud, with a ConsequenceScore of 24. This event has the highest consequence score across all scenes, making it the turning point of the story.

Earlier events that made this possible include:

- C03-E001 to C03-E059: These scenes establish the routine updates and mundane activities of the characters, setting the stage for the events that follow.
- C03-E058: This scene shows Sana exchanging routine updates, which may seem insignificant on its own but contributes to the overall narrative context.
- C03-E059: This scene shows Iris sharing mundane logistical details, which may seem boring but helps to create a sense of normalcy before the dramatic event.
- C03-E060: This scene is the turning point, where Cato releases the sealed ledger, revealing council fraud and changing the course of the story.

The events leading up to this turning point create a sense of normalcy and routine, making the revelation of the council's",PIVOT_ID=C03-E068,5785,1735,1
C04,narrative,0.3,C04-E052,C04-E065,0,1,0.38,0.4419317148195885,"PIVOT_ID=C04-E052

The turning point of the story is Scene-52, where Actor=Sana releases the sealed ledger proving council fraud with a ConsequenceScore of 24. This event has the highest consequence score across all scenes, indicating that it is the most significant turning point in the story.

Earlier events that made this possible include:

- C04-E001 to C04-E050: These scenes establish the routine updates and mundane logistical details that set the stage for the story. They show the characters exchanging information and performing tasks, but with relatively low consequence scores.
- C04-E051 to C04-E071: These scenes continue to show the characters exchanging routine updates and performing tasks, but with slightly higher consequence scores. They start to hint at the possibility of something more significant happening.
- C04-E072 to C04-E080: These scenes continue to show the characters exchanging routine updates, but with even higher consequence scores. They start to build up to the turning point.

The turning point, C04-E052, is made possible by the accumulation of these earlier",PIVOT_ID=C04-E065 | Actor=Sana | Location=public square | Action=challenged the council | ConsequenceScore=19,5714,1714,1
A01,incident,0.5,A01-E065,A01-E001,0,1,0.8999999999999999,0.3726623411329933,"PIVOT_ID=A01-E065

The root cause of the incident is A01-E065, which has a composite severity score of 108 (Severity=9 * Scope=12). This event is a ""Cascade failure across service mesh"" and is the highest-scoring event in the timeline.

To identify the prerequisite events that enabled this root cause, we need to look for events that have a high composite severity score and are likely to have contributed to the cascade failure. 

A01-E065 has a composite severity score of 108, which is significantly higher than any other event in the timeline. The next highest-scoring event is A01-E017, which has a composite severity score of 30. However, A01-E017 is a ""Routine telemetry"" event and does not seem to be directly related to the cascade failure.

Looking at the events leading up to A01-E065, we can see that A01-E058 has a composite severity score of 20 and is a ""Routine telemetry"" event. This event is likely to have contributed to the cascade failure, as","To find the root cause, we need to calculate the composite severity score for each event and find the event with the highest score.

Here are the composite severity scores for each event:

- A01-E001: 10
- A01-E002: 15
- A01-E003: 1
- A01-E004: 5
- A01-E005: 10
- A01-E006: 5
- A01-E007: 15
- A01-E008: 10
- A01-E009: 5
- A01-E010: 10
- A01-E011: 5
- A01-E012: 15
- A01-E013: 10
- A01-E014: 5
- A01-E015: 10
- A01-E016: 5
- A01-E017: 15
- A01-E018: 10
- A01-E019: 5
- A01-E020: 10
- A01-E",6861,3430,0
A02,incident,0.5,A02-E062,A02-E062,1,1,0.38,0.3300216399078191,"PIVOT_ID=A02-E062

The root cause is A02-E062, which has a composite severity score of 108 (Severity=9 * Scope=12). This event is a cascade failure across the service mesh, indicating a critical issue that affected multiple services.

Prerequisite events that enabled this root cause include:

- A02-E033 (Composite=30): This event has a high composite severity score and is related to the api-gateway service, which is likely affected by the cascade failure.
- A02-E034 (Composite=25): This event has a high composite severity score and is related to the billing service, which is likely affected by the cascade failure.
- A02-E035 (Composite=10): This event has a moderate composite severity score and is related to the search service, which is likely affected by the cascade failure.
- A02-E037 (Composite=15): This event has a moderate composite severity score and is related to the ledger service, which is likely affected by the cascade failure.
- A02-E038 (Composite=8): This event","PIVOT_ID=A02-E062

The root cause is A02-E062, a Cascade failure across service mesh with a composite severity of 108.",6835,3417,1
A03,incident,0.5,A03-E058,A03-E058,1,1,0.38,0.3397926363142605,"PIVOT_ID=A03-E058

The root cause is A03-E058, which has a composite severity score of 108 (Severity=9 * Scope=12). This event is a cascade failure across the service mesh, indicating a high-impact transition in incident operations.

Prerequisite events that enabled this root cause include:

- A03-E001: This event has a composite severity score of 12 (Severity=4 * Scope=3) and is a structural breadcrumb that sets the stage for the incident.
- A03-E002: This event has a composite severity score of 24 (Severity=4 * Scope=6) and is another structural breadcrumb that contributes to the incident.
- A03-E003: This event has a composite severity score of 8 (Severity=2 * Scope=4) and is a causal prerequisite for later interpretation.
- A03-E004: This event has a composite severity score of 15 (Severity=5 * Scope=3) and is another causal prerequisite for later interpretation.
- A03-E005: This event has a composite","PIVOT_ID=A03-E058

The root cause is A03-E058, a cascade failure across the service mesh with a composite severity of 108.",6907,3453,1
A04,incident,0.5,A04-E001,A04-E063,0,1,0.38,0.3848267645257919,"To find the root cause, we need to calculate the composite severity score for each event and identify the event with the highest score.

Here are the composite severity scores for each event:

1. A04-E001: 4
2. A04-E002: 12
3. A04-E003: 6
4. A04-E004: 12
5. A04-E005: 12
6. A04-E006: 6
7. A04-E007: 24
8. A04-E008: 20
9. A04-E009: 25
10. A04-E010: 14
11. A04-E011: 24
12. A04-E012: 14
13. A04-E013: 28
14. A04-E014: 16
15. A04-E015: 10
16. A04-E016: 12
17. A04-E017: 6
18. A04-E018: 12
19. A04","PIVOT_ID=A04-E063

The root cause is A04-E063, a cascade failure across the service mesh, with a composite severity of 108.",6833,3416,1
B01,investment,0.5,B01-E033,B01-E061,0,1,0.38,0.485425797644575,"PIVOT_ID=B01-E033

The anchor position is Helios Grid Infrastructure, with a cumulative return of 8.49% at Week-33. To analyze the market conditions that preceded and enabled this position's success, we need to look at the events leading up to Week-33.

From the timeline, we can see that Helios Grid Infrastructure had a cumulative return of 3.08% at Week-13, and then increased to 5.25% at Week-28. However, it was not until Week-33 that it reached its highest cumulative return of 8.49%.

Looking at the events around Week-33, we can see that there were several positive returns from other positions, including:

* Aurelia AI Semiconductor Basket had a cumulative return of 6.56% at Week-32, and then increased to 10.76% at Week-47.
* BlueHarbor Treasury Arbitrage had a cumulative return of 7.02% at Week-34, and then increased to 8.52% at Week-54.
*",PIVOT_ID=B01-E061,6677,3338,1
B02,investment,0.5,B02-E073,B02-E073,1,1,0.38,0.3627222027975681,"PIVOT_ID=B02-E073

The anchor position is B02-E073, which corresponds to Week-73. To analyze the market conditions that preceded and enabled this position's success, we need to look at the cumulative returns of the positions before and after B02-E073.

The cumulative return of B02-E073 is 19.85%. The position before B02-E073, B02-E072, has a cumulative return of 8.62%. The position after B02-E073, B02-E074, has a cumulative return of 8.57%.

However, the anchor position B02-E073 is not the position with the highest cumulative return in the entire timeline. The position with the highest cumulative return is actually B02-E081, which has a cumulative return of 10.19%. 

To analyze the market conditions that preceded and enabled B02-E081's success, we need to look at the cumulative returns of the positions before and after B02-E081.

The position before B02-E081, B02-E080, has a cumulative return of",PIVOT_ID=B02-E073,6663,3331,1
B03,investment,0.5,B03-E068,B03-E070,0,1,0.38,0.4640609673633349,"PIVOT_ID=B03-E068

The anchor position is Aurelia AI Semiconductor Basket, with a cumulative return of 27.45% at Week-68. To analyze the market conditions that preceded and enabled this position's success, we need to look at the events leading up to this point.

A key event that contributed to the success of Aurelia AI Semiconductor Basket is B03-E067, where the position had a weekly return of +1.15% and a cumulative return of 12.53%. This event shows that the position was performing well and gaining momentum before the significant jump in Week-68.

Another important event is B03-E066, where the position had a weekly return of +0.19% and a cumulative return of 9.54%. This event indicates that the position was steadily increasing in value and setting the stage for the larger gain in Week-68.

Additionally, the events B03-E065, B03-E064, and B03-E063 show that the position was performing well and gaining traction in the weeks leading up to Week-68.",PIVOT_ID=B03-E070,6724,3362,1
B04,investment,0.5,B04-E041,B04-E001,0,1,0.38,0.4781967208567166,"To determine the anchor position, we need to find the entry with the highest cumulative return in the full timeline. 

After analyzing the given data, the entry with the highest cumulative return is B04-E041, with a cumulative return of 9.37% at Week-41.

PIVOT_ID=B04-E041

Now, let's analyze the market conditions that preceded and enabled this position's success.

The position B04-E041 is NorthRiver Utilities Carry, which was first introduced in Week-01 with a cumulative return of 1.44%. 

However, the significant growth in the cumulative return of this position started from Week-31, where it had a weekly return of +2.11% and a cumulative return of 7.57%. 

Looking at the previous weeks, we can see that the position BlueHarbor Treasury Arbitrage had a significant impact on the overall portfolio performance. In Week-24, it had a weekly return of +2.04% and a cumulative return of 5.48%, which is the highest cumulative return among all positions at that",PIVOT_ID=B04-E001,6686,3343,1
C01,narrative,0.5,C01-E052,,0,1,0.3,0.3450926932306081,"PIVOT_ID=C01-E052

The turning point of the story is Scene-52, where Actor=Sana releases the sealed ledger proving council fraud with a ConsequenceScore of 24. This event has the highest consequence score across all scenes, indicating that it is the most significant turning point in the story.

Earlier events that made this possible include:

- C01-E001 to C01-E050: These scenes establish the routine updates and mundane logistical details that set the stage for the story. They show the characters exchanging information and performing tasks, but with relatively low consequence scores.
- C01-E051 to C01-E053: These scenes continue to show routine updates and mundane logistical details, but with slightly higher consequence scores. They hint at the growing tension and importance of the events unfolding.
- C01-E054 to C01-E056: These scenes introduce more dramatic events, such as staged confrontations, but with lower consequence scores. They suggest that the characters are taking action, but the impact is not yet significant.
- C01-E057 to C01-E060: These","To find the turning point, we need to identify the action with the highest ConsequenceScore across all scenes. 

The highest ConsequenceScore is 24, which belongs to Scene-52, where Sana released the sealed ledger proving council fraud.",5766,2883,0
C02,narrative,0.5,C02-E054,C02-E054,1,1,0.8299999999999998,0.297430567878679,"PIVOT_ID=C02-E054

The turning point of the story is Scene-54, where Cato released the sealed ledger proving council fraud, with a ConsequenceScore of 24. This event had the highest consequence score across all scenes, indicating that it had the most significant impact on the story's progression.

Earlier events that made this possible include:

- C02-E001 to C02-E003: These scenes set the stage for the story by establishing the routine updates and character dynamics.
- C02-E004 to C02-E006: These scenes continued to build the story by introducing more characters and their interactions, while also hinting at the importance of the updates.
- C02-E007 to C02-E008: These scenes maintained the routine updates and character dynamics, but also introduced some minor variations and dependencies that would become crucial later.
- C02-E009 to C02-E010: These scenes continued to build the story by introducing more characters and their interactions, while also hinting at the importance of the updates.
- C02-E011 to C02-E013","To find the turning point, we need to identify the scene with the highest ConsequenceScore. 

The highest ConsequenceScore is 24, which belongs to Scene-54. 

PIVOT_ID=C02-E054. 

The release of the sealed ledger proving council fraud (Scene-54) had the highest ConsequenceScore of 24. This event was made possible by a series of earlier events that laid the groundwork for the revelation of the council's fraud.",5733,2866,1
C03,narrative,0.5,C03-E060,C03-E060,1,1,0.58,0.3296501573310479,"PIVOT_ID=C03-E060

The turning point of the story is Scene-60, where Cato releases the sealed ledger proving council fraud, with a ConsequenceScore of 24. This event has the highest consequence score across all scenes, making it the turning point of the story.

Earlier events that made this possible include:

- C03-E001 to C03-E059: These scenes establish the routine updates and mundane activities of the characters, setting the stage for the events that follow.
- C03-E058: This scene shows Sana exchanging routine updates, which may seem insignificant on its own but contributes to the overall narrative context.
- C03-E059: This scene shows Iris sharing mundane logistical details, which may seem boring but helps to create a sense of normalcy before the dramatic event.
- C03-E060: This scene is the turning point, where Cato releases the sealed ledger, revealing council fraud and changing the course of the story.

The events leading up to this turning point create a sense of normalcy and routine, making the revelation of the council's","To find the turning point, we need to identify the scene with the highest ConsequenceScore. 

The highest ConsequenceScore is 24, which belongs to Scene-60. 

PIVOT_ID=C03-E060",5785,2892,1
C04,narrative,0.5,C04-E052,C04-E052,1,1,0.8299999999999998,0.3096255332945744,"PIVOT_ID=C04-E052

The turning point of the story is Scene-52, where Actor=Sana releases the sealed ledger proving council fraud with a ConsequenceScore of 24. This event has the highest consequence score across all scenes, indicating that it is the most significant turning point in the story.

Earlier events that made this possible include:

- C04-E001 to C04-E050: These scenes establish the routine updates and mundane logistical details that set the stage for the story. They show the characters exchanging information and performing tasks, but with relatively low consequence scores.
- C04-E051 to C04-E071: These scenes continue to show the characters exchanging routine updates and performing tasks, but with slightly higher consequence scores. They start to hint at the possibility of something more significant happening.
- C04-E072 to C04-E080: These scenes continue to show the characters exchanging routine updates, but with even higher consequence scores. They start to build up to the turning point.

The turning point, C04-E052, is made possible by the accumulation of these earlier","To find the turning point, we need to identify the scene with the highest ConsequenceScore. 

The highest ConsequenceScore is 24, which belongs to Scene-52. 

PIVOT_ID=C04-E052. 

This scene is the release of the sealed ledger proving council fraud, which had a ConsequenceScore of 24. This event had a significant impact on the story, inverting all prior probabilities in character dynamics.",5714,2857,1
A01,incident,0.7,A01-E065,A01-E001,0,1,1.0,0.3756600011154729,"PIVOT_ID=A01-E065

The root cause of the incident is A01-E065, which has a composite severity score of 108 (Severity=9 * Scope=12). This event is a ""Cascade failure across service mesh"" and is the highest-scoring event in the timeline.

To identify the prerequisite events that enabled this root cause, we need to look for events that have a high composite severity score and are likely to have contributed to the cascade failure. 

A01-E065 has a composite severity score of 108, which is significantly higher than any other event in the timeline. The next highest-scoring event is A01-E017, which has a composite severity score of 30. However, A01-E017 is a ""Routine telemetry"" event and does not seem to be directly related to the cascade failure.

Looking at the events leading up to A01-E065, we can see that A01-E058 has a composite severity score of 20 and is a ""Routine telemetry"" event. This event is likely to have contributed to the cascade failure, as","To find the root cause, we need to calculate the composite severity score for each event and find the event with the highest score.

Here are the composite scores for each event:

[A01-E001] 2026
[A01-E002] 2026-05-02 09:07 | Service=ledger | Event=Routine telemetry | Severity=5 | Scope=3 | Composite=15
[A01-E003] 2026-05-02 09:07 | Service=auth | Event=Routine telemetry | Severity=5 | Scope=2 | Composite=10
[A01-E004] 2026-05-02 09:07 | Service=ledger | Event=Routine telemetry | Severity=5 | Scope=3 | Composite=15
[A01-E005] 2026-05-02 09:07 | Service=ledger | Event=8 | Scope=9 | Composite=72
[A01-E006] 2026-05-03 10:00 | Service=auth | Event=Routine telemetry | Severity=5",6861,4802,0
A02,incident,0.7,A02-E062,A02-E001,0,1,0.8999999999999999,0.4124133542646153,"PIVOT_ID=A02-E062

The root cause is A02-E062, which has a composite severity score of 108 (Severity=9 * Scope=12). This event is a cascade failure across the service mesh, indicating a critical issue that affected multiple services.

Prerequisite events that enabled this root cause include:

- A02-E033 (Composite=30): This event has a high composite severity score and is related to the api-gateway service, which is likely affected by the cascade failure.
- A02-E034 (Composite=25): This event has a high composite severity score and is related to the billing service, which is likely affected by the cascade failure.
- A02-E035 (Composite=10): This event has a moderate composite severity score and is related to the search service, which is likely affected by the cascade failure.
- A02-E037 (Composite=15): This event has a moderate composite severity score and is related to the ledger service, which is likely affected by the cascade failure.
- A02-E038 (Composite=8): This event","To find the root cause, we need to calculate the composite severity for each event and find the event with the highest composite severity.

Here are the composite severity scores for each event:

- A02-E001: 20
- A02-E002: 18
- A02-E003: 20
- A02-E004: 18
- A02-E005: 18
- A02-E006: 20
- A02-E007: 3
- A02-E008: 12
- A02-E009: 20
- A02-E010: 20
- A02-E011: 20
- A02-E012: 20
- A02-E013: 20
- A02-E014: 20
- A02-E015: 18
- A02-E016: 18
- A02-E017: 18
- A02-E018: 20
- A02-E019: 20
- A02-E020: 20
- A02-E",6835,4784,0
A03,incident,0.7,A03-E058,A03-E058,1,1,1.0,0.3823375031426064,"PIVOT_ID=A03-E058

The root cause is A03-E058, which has a composite severity score of 108 (Severity=9 * Scope=12). This event is a cascade failure across the service mesh, indicating a high-impact transition in incident operations.

Prerequisite events that enabled this root cause include:

- A03-E001: This event has a composite severity score of 12 (Severity=4 * Scope=3) and is a structural breadcrumb that sets the stage for the incident.
- A03-E002: This event has a composite severity score of 24 (Severity=4 * Scope=6) and is another structural breadcrumb that contributes to the incident.
- A03-E003: This event has a composite severity score of 8 (Severity=2 * Scope=4) and is a causal prerequisite for later interpretation.
- A03-E004: This event has a composite severity score of 15 (Severity=5 * Scope=3) and is another causal prerequisite for later interpretation.
- A03-E005: This event has a composite","The root cause is A03-E058, a cascade failure across the service mesh with a composite severity of 108. 

Prerequisite events that enabled this root cause are:
A03-E001, A03-E002, A03-E006, A03-E007, A03-E008, A03-E009, A03-E010, A03-E011, A03-E012, A03-E014, A03-E015, A03-E016, A03-E017, A03-E018, A03-E019, A03-E020, A03-E021, A03-E022, A03-E023, A03-E024, A03-E025, A03-E026, A03-E027, A03-E028, A03-E029, A03-E030, A03-E031, A03-E032, A03-E033, A03-E034, A03-E035, A03-E036, A03-E037, A03-E038, A03-E039, A03-E040, A03-E041,",6907,4834,0
A04,incident,0.7,A04-E001,A04-E001,1,1,0.8999999999999999,0.0815463465072501,"To find the root cause, we need to calculate the composite severity score for each event and identify the event with the highest score.

Here are the composite severity scores for each event:

1. A04-E001: 4
2. A04-E002: 12
3. A04-E003: 6
4. A04-E004: 12
5. A04-E005: 12
6. A04-E006: 6
7. A04-E007: 24
8. A04-E008: 20
9. A04-E009: 25
10. A04-E010: 14
11. A04-E011: 24
12. A04-E012: 14
13. A04-E013: 28
14. A04-E014: 16
15. A04-E015: 10
16. A04-E016: 12
17. A04-E017: 6
18. A04-E018: 12
19. A04","To find the root cause, we need to calculate the composite severity for each event and find the event with the highest composite severity.

Here are the composite severities for each event:
- A04-E001: 4
- A04-E002: 12
- A04-E003: 12
- A04-E004: 2
- A04-E005: 2
- A04-E006: 10
- A04-E007: 3
- A04-E008: 8
- A04-E009: 4
- A04-E010: 8
- A04-E011: 4
- A04-E012: 12
- A04-E013: 8
- A04-E014: 4
- A04-E015: 8
- A04-E016: 4
- A04-E017: 8
- A04-E018: 4
- A04-E019: 8
- A04-E020: 4
- A04-E",6833,4783,0
B01,investment,0.7,B01-E033,B01-E033,1,1,0.58,0.3708731620268961,"PIVOT_ID=B01-E033

The anchor position is Helios Grid Infrastructure, with a cumulative return of 8.49% at Week-33. To analyze the market conditions that preceded and enabled this position's success, we need to look at the events leading up to Week-33.

From the timeline, we can see that Helios Grid Infrastructure had a cumulative return of 3.08% at Week-13, and then increased to 5.25% at Week-28. However, it was not until Week-33 that it reached its highest cumulative return of 8.49%.

Looking at the events around Week-33, we can see that there were several positive returns from other positions, including:

* Aurelia AI Semiconductor Basket had a cumulative return of 6.56% at Week-32, and then increased to 10.76% at Week-47.
* BlueHarbor Treasury Arbitrage had a cumulative return of 7.02% at Week-34, and then increased to 8.52% at Week-54.
*","To find the anchor position, we need to find the entry with the highest cumulative return. 

The entry with the highest cumulative return is B01-E033 with a cumulative return of 8.49.

PIVOT_ID=B01-E033.",6677,4673,1
B02,investment,0.7,B02-E073,B02-E033,0,1,0.58,0.2754814507089728,"PIVOT_ID=B02-E073

The anchor position is B02-E073, which corresponds to Week-73. To analyze the market conditions that preceded and enabled this position's success, we need to look at the cumulative returns of the positions before and after B02-E073.

The cumulative return of B02-E073 is 19.85%. The position before B02-E073, B02-E072, has a cumulative return of 8.62%. The position after B02-E073, B02-E074, has a cumulative return of 8.57%.

However, the anchor position B02-E073 is not the position with the highest cumulative return in the entire timeline. The position with the highest cumulative return is actually B02-E081, which has a cumulative return of 10.19%. 

To analyze the market conditions that preceded and enabled B02-E081's success, we need to look at the cumulative returns of the positions before and after B02-E081.

The position before B02-E081, B02-E080, has a cumulative return of","To find the anchor position, we need to find the entry with the highest cumulative return. 

The entry with the highest cumulative return is B02-E033 with a cumulative return of 6.11%.",6663,4664,0
B03,investment,0.7,B03-E068,B03-E061,0,1,0.58,0.3597204276684707,"PIVOT_ID=B03-E068

The anchor position is Aurelia AI Semiconductor Basket, with a cumulative return of 27.45% at Week-68. To analyze the market conditions that preceded and enabled this position's success, we need to look at the events leading up to this point.

A key event that contributed to the success of Aurelia AI Semiconductor Basket is B03-E067, where the position had a weekly return of +1.15% and a cumulative return of 12.53%. This event shows that the position was performing well and gaining momentum before the significant jump in Week-68.

Another important event is B03-E066, where the position had a weekly return of +0.19% and a cumulative return of 9.54%. This event indicates that the position was steadily increasing in value and setting the stage for the larger gain in Week-68.

Additionally, the events B03-E065, B03-E064, and B03-E063 show that the position was performing well and gaining traction in the weeks leading up to Week-68.","To find the anchor position, we need to find the entry with the highest cumulative return. 

The entry with the highest cumulative return is B03-E061. 

PIVOT_ID=B03-E061",6724,4706,1
B04,investment,0.7,B04-E041,B04-E036,0,1,0.58,0.1959592894652017,"To determine the anchor position, we need to find the entry with the highest cumulative return in the full timeline. 

After analyzing the given data, the entry with the highest cumulative return is B04-E041, with a cumulative return of 9.37% at Week-41.

PIVOT_ID=B04-E041

Now, let's analyze the market conditions that preceded and enabled this position's success.

The position B04-E041 is NorthRiver Utilities Carry, which was first introduced in Week-01 with a cumulative return of 1.44%. 

However, the significant growth in the cumulative return of this position started from Week-31, where it had a weekly return of +2.11% and a cumulative return of 7.57%. 

Looking at the previous weeks, we can see that the position BlueHarbor Treasury Arbitrage had a significant impact on the overall portfolio performance. In Week-24, it had a weekly return of +2.04% and a cumulative return of 5.48%, which is the highest cumulative return among all positions at that","To find the anchor position, we need to find the entry with the highest cumulative return. 

The entry with the highest cumulative return is B04-E036 with a cumulative return of 8.73%.",6686,4680,0
C01,narrative,0.7,C01-E052,C01-E052,1,1,0.58,0.3654430788233583,"PIVOT_ID=C01-E052

The turning point of the story is Scene-52, where Actor=Sana releases the sealed ledger proving council fraud with a ConsequenceScore of 24. This event has the highest consequence score across all scenes, indicating that it is the most significant turning point in the story.

Earlier events that made this possible include:

- C01-E001 to C01-E050: These scenes establish the routine updates and mundane logistical details that set the stage for the story. They show the characters exchanging information and performing tasks, but with relatively low consequence scores.
- C01-E051 to C01-E053: These scenes continue to show routine updates and mundane logistical details, but with slightly higher consequence scores. They hint at the growing tension and importance of the events unfolding.
- C01-E054 to C01-E056: These scenes introduce more dramatic events, such as staged confrontations, but with lower consequence scores. They suggest that the characters are taking action, but the impact is not yet significant.
- C01-E057 to C01-E060: These","To find the turning point, we need to find the maximum Consequence score across all scenes. 

The maximum Consequence score is 24 in Scene-52. 

PIVOT_ID=C01-E052.",5766,4036,1
C02,narrative,0.7,C02-E054,C02-E054,1,1,0.58,0.3582254534703181,"PIVOT_ID=C02-E054

The turning point of the story is Scene-54, where Cato released the sealed ledger proving council fraud, with a ConsequenceScore of 24. This event had the highest consequence score across all scenes, indicating that it had the most significant impact on the story's progression.

Earlier events that made this possible include:

- C02-E001 to C02-E003: These scenes set the stage for the story by establishing the routine updates and character dynamics.
- C02-E004 to C02-E006: These scenes continued to build the story by introducing more characters and their interactions, while also hinting at the importance of the updates.
- C02-E007 to C02-E008: These scenes maintained the routine updates and character dynamics, but also introduced some minor variations and dependencies that would become crucial later.
- C02-E009 to C02-E010: These scenes continued to build the story by introducing more characters and their interactions, while also hinting at the importance of the updates.
- C02-E011 to C02-E013","To find the turning point, we need to find the scene with the highest ConsequenceScore. 

The highest Consequence score is 24 in Scene 54. 

PIVOT_ID = C02-E054",5733,4013,1
C03,narrative,0.7,C03-E060,C03-E060,1,1,0.58,0.3210226867193684,"PIVOT_ID=C03-E060

The turning point of the story is Scene-60, where Cato releases the sealed ledger proving council fraud, with a ConsequenceScore of 24. This event has the highest consequence score across all scenes, making it the turning point of the story.

Earlier events that made this possible include:

- C03-E001 to C03-E059: These scenes establish the routine updates and mundane activities of the characters, setting the stage for the events that follow.
- C03-E058: This scene shows Sana exchanging routine updates, which may seem insignificant on its own but contributes to the overall narrative context.
- C03-E059: This scene shows Iris sharing mundane logistical details, which may seem boring but helps to create a sense of normalcy before the dramatic event.
- C03-E060: This scene is the turning point, where Cato releases the sealed ledger, revealing council fraud and changing the course of the story.

The events leading up to this turning point create a sense of normalcy and routine, making the revelation of the council's","To find the turning point, I will calculate the ConsequenceScore of each scene and find the maximum.

The highest ConsequenceScore is 24 in Scene 60. 

PIVOT_ID=C03-E060",5785,4049,1
C04,narrative,0.7,C04-E052,C04-E052,1,1,0.58,0.3422219485079466,"PIVOT_ID=C04-E052

The turning point of the story is Scene-52, where Actor=Sana releases the sealed ledger proving council fraud with a ConsequenceScore of 24. This event has the highest consequence score across all scenes, indicating that it is the most significant turning point in the story.

Earlier events that made this possible include:

- C04-E001 to C04-E050: These scenes establish the routine updates and mundane logistical details that set the stage for the story. They show the characters exchanging information and performing tasks, but with relatively low consequence scores.
- C04-E051 to C04-E071: These scenes continue to show the characters exchanging routine updates and performing tasks, but with slightly higher consequence scores. They start to hint at the possibility of something more significant happening.
- C04-E072 to C04-E080: These scenes continue to show the characters exchanging routine updates, but with even higher consequence scores. They start to build up to the turning point.

The turning point, C04-E052, is made possible by the accumulation of these earlier","To find the turning point, we need to find the scene with the highest ConsequenceScore. 

The highest ConsequenceScore is 24, which is in Scene-52. 

PIVOT_ID=C04-E052.",5714,3999,1
A01,incident,1.0,A01-E065,A01-E065,1,1,0.99,0.0,"PIVOT_ID=A01-E065

The root cause of the incident is A01-E065, which has a composite severity score of 108 (Severity=9 * Scope=12). This event is a ""Cascade failure across service mesh"" and is the highest-scoring event in the timeline.

To identify the prerequisite events that enabled this root cause, we need to look for events that have a high composite severity score and are likely to have contributed to the cascade failure. 

A01-E065 has a composite severity score of 108, which is significantly higher than any other event in the timeline. The next highest-scoring event is A01-E017, which has a composite severity score of 30. However, A01-E017 is a ""Routine telemetry"" event and does not seem to be directly related to the cascade failure.

Looking at the events leading up to A01-E065, we can see that A01-E058 has a composite severity score of 20 and is a ""Routine telemetry"" event. This event is likely to have contributed to the cascade failure, as","PIVOT_ID=A01-E065

The root cause of the incident is A01-E065, which has a composite severity score of 108 (Severity=9 * Scope=12). This event is a ""Cascade failure across service mesh"" and is the highest-scoring event in the timeline.

To identify the prerequisite events that enabled this root cause, we need to look for events that have a high composite severity score and are likely to have contributed to the cascade failure. 

A01-E065 has a composite severity score of 108, which is significantly higher than any other event in the timeline. The next highest-scoring event is A01-E017, which has a composite severity score of 30. However, A01-E017 is a ""Routine telemetry"" event and does not seem to be directly related to the cascade failure.

Looking at the events leading up to A01-E065, we can see that A01-E058 has a composite severity score of 20 and is a ""Routine telemetry"" event. This event is likely to have contributed to the cascade failure, as",6861,6861,1
A02,incident,1.0,A02-E062,A02-E062,1,1,1.0,0.0,"PIVOT_ID=A02-E062

The root cause is A02-E062, which has a composite severity score of 108 (Severity=9 * Scope=12). This event is a cascade failure across the service mesh, indicating a critical issue that affected multiple services.

Prerequisite events that enabled this root cause include:

- A02-E033 (Composite=30): This event has a high composite severity score and is related to the api-gateway service, which is likely affected by the cascade failure.
- A02-E034 (Composite=25): This event has a high composite severity score and is related to the billing service, which is likely affected by the cascade failure.
- A02-E035 (Composite=10): This event has a moderate composite severity score and is related to the search service, which is likely affected by the cascade failure.
- A02-E037 (Composite=15): This event has a moderate composite severity score and is related to the ledger service, which is likely affected by the cascade failure.
- A02-E038 (Composite=8): This event","PIVOT_ID=A02-E062

The root cause is A02-E062, which has a composite severity score of 108 (Severity=9 * Scope=12). This event is a cascade failure across the service mesh, indicating a critical issue that affected multiple services.

Prerequisite events that enabled this root cause include:

- A02-E033 (Composite=30): This event has a high composite severity score and is related to the api-gateway service, which is likely affected by the cascade failure.
- A02-E034 (Composite=25): This event has a high composite severity score and is related to the billing service, which is likely affected by the cascade failure.
- A02-E035 (Composite=10): This event has a moderate composite severity score and is related to the search service, which is likely affected by the cascade failure.
- A02-E037 (Composite=15): This event has a moderate composite severity score and is related to the ledger service, which is likely affected by the cascade failure.
- A02-E038 (Composite=8): This event",6835,6835,1
A03,incident,1.0,A03-E058,A03-E058,1,1,1.0,0.0,"PIVOT_ID=A03-E058

The root cause is A03-E058, which has a composite severity score of 108 (Severity=9 * Scope=12). This event is a cascade failure across the service mesh, indicating a high-impact transition in incident operations.

Prerequisite events that enabled this root cause include:

- A03-E001: This event has a composite severity score of 12 (Severity=4 * Scope=3) and is a structural breadcrumb that sets the stage for the incident.
- A03-E002: This event has a composite severity score of 24 (Severity=4 * Scope=6) and is another structural breadcrumb that contributes to the incident.
- A03-E003: This event has a composite severity score of 8 (Severity=2 * Scope=4) and is a causal prerequisite for later interpretation.
- A03-E004: This event has a composite severity score of 15 (Severity=5 * Scope=3) and is another causal prerequisite for later interpretation.
- A03-E005: This event has a composite","PIVOT_ID=A03-E058

The root cause is A03-E058, which has a composite severity score of 108 (Severity=9 * Scope=12). This event is a cascade failure across the service mesh, indicating a high-impact transition in incident operations.

Prerequisite events that enabled this root cause include:

- A03-E001: This event has a composite severity score of 12 (Severity=4 * Scope=3) and is a structural breadcrumb that sets the stage for the incident.
- A03-E002: This event has a composite severity score of 24 (Severity=4 * Scope=6) and is another structural breadcrumb that contributes to the incident.
- A03-E003: This event has a composite severity score of 8 (Severity=2 * Scope=4) and is a causal prerequisite for later interpretation.
- A03-E004: This event has a composite severity score of 15 (Severity=5 * Scope=3) and is another causal prerequisite for later interpretation.
- A03-E005: This event has a composite",6907,6907,1
A04,incident,1.0,A04-E001,A04-E001,1,1,0.8999999999999999,0.0,"To find the root cause, we need to calculate the composite severity score for each event and identify the event with the highest score.

Here are the composite severity scores for each event:

1. A04-E001: 4
2. A04-E002: 12
3. A04-E003: 6
4. A04-E004: 12
5. A04-E005: 12
6. A04-E006: 6
7. A04-E007: 24
8. A04-E008: 20
9. A04-E009: 25
10. A04-E010: 14
11. A04-E011: 24
12. A04-E012: 14
13. A04-E013: 28
14. A04-E014: 16
15. A04-E015: 10
16. A04-E016: 12
17. A04-E017: 6
18. A04-E018: 12
19. A04","To find the root cause, we need to calculate the composite severity score for each event and identify the event with the highest score.

Here are the composite severity scores for each event:

1. A04-E001: 4
2. A04-E002: 12
3. A04-E003: 6
4. A04-E004: 12
5. A04-E005: 12
6. A04-E006: 6
7. A04-E007: 24
8. A04-E008: 20
9. A04-E009: 25
10. A04-E010: 14
11. A04-E011: 24
12. A04-E012: 14
13. A04-E013: 28
14. A04-E014: 16
15. A04-E015: 10
16. A04-E016: 12
17. A04-E017: 6
18. A04-E018: 12
19. A04",6833,6833,0
B01,investment,1.0,B01-E033,B01-E033,1,1,0.8299999999999998,0.0,"PIVOT_ID=B01-E033

The anchor position is Helios Grid Infrastructure, with a cumulative return of 8.49% at Week-33. To analyze the market conditions that preceded and enabled this position's success, we need to look at the events leading up to Week-33.

From the timeline, we can see that Helios Grid Infrastructure had a cumulative return of 3.08% at Week-13, and then increased to 5.25% at Week-28. However, it was not until Week-33 that it reached its highest cumulative return of 8.49%.

Looking at the events around Week-33, we can see that there were several positive returns from other positions, including:

* Aurelia AI Semiconductor Basket had a cumulative return of 6.56% at Week-32, and then increased to 10.76% at Week-47.
* BlueHarbor Treasury Arbitrage had a cumulative return of 7.02% at Week-34, and then increased to 8.52% at Week-54.
*","PIVOT_ID=B01-E033

The anchor position is Helios Grid Infrastructure, with a cumulative return of 8.49% at Week-33. To analyze the market conditions that preceded and enabled this position's success, we need to look at the events leading up to Week-33.

From the timeline, we can see that Helios Grid Infrastructure had a cumulative return of 3.08% at Week-13, and then increased to 5.25% at Week-28. However, it was not until Week-33 that it reached its highest cumulative return of 8.49%.

Looking at the events around Week-33, we can see that there were several positive returns from other positions, including:

* Aurelia AI Semiconductor Basket had a cumulative return of 6.56% at Week-32, and then increased to 10.76% at Week-47.
* BlueHarbor Treasury Arbitrage had a cumulative return of 7.02% at Week-34, and then increased to 8.52% at Week-54.
*",6677,6677,1
B02,investment,1.0,B02-E073,B02-E073,1,1,1.0,0.0,"PIVOT_ID=B02-E073

The anchor position is B02-E073, which corresponds to Week-73. To analyze the market conditions that preceded and enabled this position's success, we need to look at the cumulative returns of the positions before and after B02-E073.

The cumulative return of B02-E073 is 19.85%. The position before B02-E073, B02-E072, has a cumulative return of 8.62%. The position after B02-E073, B02-E074, has a cumulative return of 8.57%.

However, the anchor position B02-E073 is not the position with the highest cumulative return in the entire timeline. The position with the highest cumulative return is actually B02-E081, which has a cumulative return of 10.19%. 

To analyze the market conditions that preceded and enabled B02-E081's success, we need to look at the cumulative returns of the positions before and after B02-E081.

The position before B02-E081, B02-E080, has a cumulative return of","PIVOT_ID=B02-E073

The anchor position is B02-E073, which corresponds to Week-73. To analyze the market conditions that preceded and enabled this position's success, we need to look at the cumulative returns of the positions before and after B02-E073.

The cumulative return of B02-E073 is 19.85%. The position before B02-E073, B02-E072, has a cumulative return of 8.62%. The position after B02-E073, B02-E074, has a cumulative return of 8.57%.

However, the anchor position B02-E073 is not the position with the highest cumulative return in the entire timeline. The position with the highest cumulative return is actually B02-E081, which has a cumulative return of 10.19%. 

To analyze the market conditions that preceded and enabled B02-E081's success, we need to look at the cumulative returns of the positions before and after B02-E081.

The position before B02-E081, B02-E080, has a cumulative return of",6663,6663,1
B03,investment,1.0,B03-E068,B03-E068,1,1,1.0,0.0,"PIVOT_ID=B03-E068

The anchor position is Aurelia AI Semiconductor Basket, with a cumulative return of 27.45% at Week-68. To analyze the market conditions that preceded and enabled this position's success, we need to look at the events leading up to this point.

A key event that contributed to the success of Aurelia AI Semiconductor Basket is B03-E067, where the position had a weekly return of +1.15% and a cumulative return of 12.53%. This event shows that the position was performing well and gaining momentum before the significant jump in Week-68.

Another important event is B03-E066, where the position had a weekly return of +0.19% and a cumulative return of 9.54%. This event indicates that the position was steadily increasing in value and setting the stage for the larger gain in Week-68.

Additionally, the events B03-E065, B03-E064, and B03-E063 show that the position was performing well and gaining traction in the weeks leading up to Week-68.","PIVOT_ID=B03-E068

The anchor position is Aurelia AI Semiconductor Basket, with a cumulative return of 27.45% at Week-68. To analyze the market conditions that preceded and enabled this position's success, we need to look at the events leading up to this point.

A key event that contributed to the success of Aurelia AI Semiconductor Basket is B03-E067, where the position had a weekly return of +1.15% and a cumulative return of 12.53%. This event shows that the position was performing well and gaining momentum before the significant jump in Week-68.

Another important event is B03-E066, where the position had a weekly return of +0.19% and a cumulative return of 9.54%. This event indicates that the position was steadily increasing in value and setting the stage for the larger gain in Week-68.

Additionally, the events B03-E065, B03-E064, and B03-E063 show that the position was performing well and gaining traction in the weeks leading up to Week-68.",6724,6724,1
B04,investment,1.0,B04-E041,B04-E041,1,1,0.8299999999999998,0.0,"To determine the anchor position, we need to find the entry with the highest cumulative return in the full timeline. 

After analyzing the given data, the entry with the highest cumulative return is B04-E041, with a cumulative return of 9.37% at Week-41.

PIVOT_ID=B04-E041

Now, let's analyze the market conditions that preceded and enabled this position's success.

The position B04-E041 is NorthRiver Utilities Carry, which was first introduced in Week-01 with a cumulative return of 1.44%. 

However, the significant growth in the cumulative return of this position started from Week-31, where it had a weekly return of +2.11% and a cumulative return of 7.57%. 

Looking at the previous weeks, we can see that the position BlueHarbor Treasury Arbitrage had a significant impact on the overall portfolio performance. In Week-24, it had a weekly return of +2.04% and a cumulative return of 5.48%, which is the highest cumulative return among all positions at that","To determine the anchor position, we need to find the entry with the highest cumulative return in the full timeline. 

After analyzing the given data, the entry with the highest cumulative return is B04-E041, with a cumulative return of 9.37% at Week-41.

PIVOT_ID=B04-E041

Now, let's analyze the market conditions that preceded and enabled this position's success.

The position B04-E041 is NorthRiver Utilities Carry, which was first introduced in Week-01 with a cumulative return of 1.44%. 

However, the significant growth in the cumulative return of this position started from Week-31, where it had a weekly return of +2.11% and a cumulative return of 7.57%. 

Looking at the previous weeks, we can see that the position BlueHarbor Treasury Arbitrage had a significant impact on the overall portfolio performance. In Week-24, it had a weekly return of +2.04% and a cumulative return of 5.48%, which is the highest cumulative return among all positions at that",6686,6686,1
C01,narrative,1.0,C01-E052,C01-E052,1,1,1.0,0.0,"PIVOT_ID=C01-E052

The turning point of the story is Scene-52, where Actor=Sana releases the sealed ledger proving council fraud with a ConsequenceScore of 24. This event has the highest consequence score across all scenes, indicating that it is the most significant turning point in the story.

Earlier events that made this possible include:

- C01-E001 to C01-E050: These scenes establish the routine updates and mundane logistical details that set the stage for the story. They show the characters exchanging information and performing tasks, but with relatively low consequence scores.
- C01-E051 to C01-E053: These scenes continue to show routine updates and mundane logistical details, but with slightly higher consequence scores. They hint at the growing tension and importance of the events unfolding.
- C01-E054 to C01-E056: These scenes introduce more dramatic events, such as staged confrontations, but with lower consequence scores. They suggest that the characters are taking action, but the impact is not yet significant.
- C01-E057 to C01-E060: These","PIVOT_ID=C01-E052

The turning point of the story is Scene-52, where Actor=Sana releases the sealed ledger proving council fraud with a ConsequenceScore of 24. This event has the highest consequence score across all scenes, indicating that it is the most significant turning point in the story.

Earlier events that made this possible include:

- C01-E001 to C01-E050: These scenes establish the routine updates and mundane logistical details that set the stage for the story. They show the characters exchanging information and performing tasks, but with relatively low consequence scores.
- C01-E051 to C01-E053: These scenes continue to show routine updates and mundane logistical details, but with slightly higher consequence scores. They hint at the growing tension and importance of the events unfolding.
- C01-E054 to C01-E056: These scenes introduce more dramatic events, such as staged confrontations, but with lower consequence scores. They suggest that the characters are taking action, but the impact is not yet significant.
- C01-E057 to C01-E060: These",5766,5766,1
C02,narrative,1.0,C02-E054,C02-E054,1,1,1.0,0.0,"PIVOT_ID=C02-E054

The turning point of the story is Scene-54, where Cato released the sealed ledger proving council fraud, with a ConsequenceScore of 24. This event had the highest consequence score across all scenes, indicating that it had the most significant impact on the story's progression.

Earlier events that made this possible include:

- C02-E001 to C02-E003: These scenes set the stage for the story by establishing the routine updates and character dynamics.
- C02-E004 to C02-E006: These scenes continued to build the story by introducing more characters and their interactions, while also hinting at the importance of the updates.
- C02-E007 to C02-E008: These scenes maintained the routine updates and character dynamics, but also introduced some minor variations and dependencies that would become crucial later.
- C02-E009 to C02-E010: These scenes continued to build the story by introducing more characters and their interactions, while also hinting at the importance of the updates.
- C02-E011 to C02-E013","PIVOT_ID=C02-E054

The turning point of the story is Scene-54, where Cato released the sealed ledger proving council fraud, with a ConsequenceScore of 24. This event had the highest consequence score across all scenes, indicating that it had the most significant impact on the story's progression.

Earlier events that made this possible include:

- C02-E001 to C02-E003: These scenes set the stage for the story by establishing the routine updates and character dynamics.
- C02-E004 to C02-E006: These scenes continued to build the story by introducing more characters and their interactions, while also hinting at the importance of the updates.
- C02-E007 to C02-E008: These scenes maintained the routine updates and character dynamics, but also introduced some minor variations and dependencies that would become crucial later.
- C02-E009 to C02-E010: These scenes continued to build the story by introducing more characters and their interactions, while also hinting at the importance of the updates.
- C02-E011 to C02-E013",5733,5733,1
C03,narrative,1.0,C03-E060,C03-E060,1,1,1.0,0.0,"PIVOT_ID=C03-E060

The turning point of the story is Scene-60, where Cato releases the sealed ledger proving council fraud, with a ConsequenceScore of 24. This event has the highest consequence score across all scenes, making it the turning point of the story.

Earlier events that made this possible include:

- C03-E001 to C03-E059: These scenes establish the routine updates and mundane activities of the characters, setting the stage for the events that follow.
- C03-E058: This scene shows Sana exchanging routine updates, which may seem insignificant on its own but contributes to the overall narrative context.
- C03-E059: This scene shows Iris sharing mundane logistical details, which may seem boring but helps to create a sense of normalcy before the dramatic event.
- C03-E060: This scene is the turning point, where Cato releases the sealed ledger, revealing council fraud and changing the course of the story.

The events leading up to this turning point create a sense of normalcy and routine, making the revelation of the council's","PIVOT_ID=C03-E060

The turning point of the story is Scene-60, where Cato releases the sealed ledger proving council fraud, with a ConsequenceScore of 24. This event has the highest consequence score across all scenes, making it the turning point of the story.

Earlier events that made this possible include:

- C03-E001 to C03-E059: These scenes establish the routine updates and mundane activities of the characters, setting the stage for the events that follow.
- C03-E058: This scene shows Sana exchanging routine updates, which may seem insignificant on its own but contributes to the overall narrative context.
- C03-E059: This scene shows Iris sharing mundane logistical details, which may seem boring but helps to create a sense of normalcy before the dramatic event.
- C03-E060: This scene is the turning point, where Cato releases the sealed ledger, revealing council fraud and changing the course of the story.

The events leading up to this turning point create a sense of normalcy and routine, making the revelation of the council's",5785,5785,1
C04,narrative,1.0,C04-E052,C04-E052,1,1,1.0,0.0,"PIVOT_ID=C04-E052

The turning point of the story is Scene-52, where Actor=Sana releases the sealed ledger proving council fraud with a ConsequenceScore of 24. This event has the highest consequence score across all scenes, indicating that it is the most significant turning point in the story.

Earlier events that made this possible include:

- C04-E001 to C04-E050: These scenes establish the routine updates and mundane logistical details that set the stage for the story. They show the characters exchanging information and performing tasks, but with relatively low consequence scores.
- C04-E051 to C04-E071: These scenes continue to show the characters exchanging routine updates and performing tasks, but with slightly higher consequence scores. They start to hint at the possibility of something more significant happening.
- C04-E072 to C04-E080: These scenes continue to show the characters exchanging routine updates, but with even higher consequence scores. They start to build up to the turning point.

The turning point, C04-E052, is made possible by the accumulation of these earlier","PIVOT_ID=C04-E052

The turning point of the story is Scene-52, where Actor=Sana releases the sealed ledger proving council fraud with a ConsequenceScore of 24. This event has the highest consequence score across all scenes, indicating that it is the most significant turning point in the story.

Earlier events that made this possible include:

- C04-E001 to C04-E050: These scenes establish the routine updates and mundane logistical details that set the stage for the story. They show the characters exchanging information and performing tasks, but with relatively low consequence scores.
- C04-E051 to C04-E071: These scenes continue to show the characters exchanging routine updates and performing tasks, but with slightly higher consequence scores. They start to hint at the possibility of something more significant happening.
- C04-E072 to C04-E080: These scenes continue to show the characters exchanging routine updates, but with even higher consequence scores. They start to build up to the turning point.

The turning point, C04-E052, is made possible by the accumulation of these earlier",5714,5714,1
