task_id,category,retention,full_pivot,compressed_pivot,has_pivot_header,pivot_preserved,fixed_pivot_feasible,raw_validity,semantic_regret,full_answer,truncated_answer,cache_tokens_full,cache_tokens_kept
A01,incident,1.0,A01-E065,A01-E065,1,1,1,0.9899999999999999,0.0,"PIVOT_ID=A01-E065

The root cause of the incident is A01-E065, which has a composite severity score of 108 (Severity=9 * Scope=12). This event is a ""Cascade failure across service mesh"" and is the highest-scoring event in the timeline.

To identify the prerequisite events that enabled this root cause, we need to look for events that have a high composite severity score and are likely to have contributed to the cascade failure. 

A01-E065 has a composite severity score of 108, which is significantly higher than any other event in the timeline. The next highest-scoring event is A01-E017, which has a composite severity score of 30. However, A01-E017 is a ""Routine telemetry"" event and does not seem to be directly related to the cascade failure.

Looking at the events leading up to A01-E065, we can see that A01-E058 has a composite severity score of 20 and is a ""Routine telemetry"" event. This event is likely to have contributed to the cascade failure, as","PIVOT_ID=A01-E065

The root cause of the incident is A01-E065, which has a composite severity score of 108 (Severity=9 * Scope=12). This event is a ""Cascade failure across service mesh"" and is the highest-scoring event in the timeline.

To identify the prerequisite events that enabled this root cause, we need to look for events that have a high composite severity score and are likely to have contributed to the cascade failure. 

A01-E065 has a composite severity score of 108, which is significantly higher than any other event in the timeline. The next highest-scoring event is A01-E017, which has a composite severity score of 30. However, A01-E017 is a ""Routine telemetry"" event and does not seem to be directly related to the cascade failure.

Looking at the events leading up to A01-E065, we can see that A01-E058 has a composite severity score of 20 and is a ""Routine telemetry"" event. This event is likely to have contributed to the cascade failure, as",6861,6861
A02,incident,1.0,A02-E062,A02-E062,1,1,1,0.9999999999999999,0.0,"PIVOT_ID=A02-E062

The root cause is A02-E062, which has a composite severity score of 108 (Severity=9 * Scope=12). This event is a cascade failure across the service mesh, indicating a critical issue that affected multiple services.

Prerequisite events that enabled this root cause include:

- A02-E033 (Composite=30): This event has a high composite severity score and is related to the api-gateway service, which is likely affected by the cascade failure.
- A02-E034 (Composite=25): This event has a high composite severity score and is related to the billing service, which is likely affected by the cascade failure.
- A02-E035 (Composite=10): This event has a moderate composite severity score and is related to the search service, which is likely affected by the cascade failure.
- A02-E037 (Composite=15): This event has a moderate composite severity score and is related to the ledger service, which is likely affected by the cascade failure.
- A02-E038 (Composite=8): This event","PIVOT_ID=A02-E062

The root cause is A02-E062, which has a composite severity score of 108 (Severity=9 * Scope=12). This event is a cascade failure across the service mesh, indicating a critical issue that affected multiple services.

Prerequisite events that enabled this root cause include:

- A02-E033 (Composite=30): This event has a high composite severity score and is related to the api-gateway service, which is likely affected by the cascade failure.
- A02-E034 (Composite=25): This event has a high composite severity score and is related to the billing service, which is likely affected by the cascade failure.
- A02-E035 (Composite=10): This event has a moderate composite severity score and is related to the search service, which is likely affected by the cascade failure.
- A02-E037 (Composite=15): This event has a moderate composite severity score and is related to the ledger service, which is likely affected by the cascade failure.
- A02-E038 (Composite=8): This event",6835,6835
A03,incident,1.0,A03-E058,A03-E058,1,1,1,0.9999999999999999,0.0,"PIVOT_ID=A03-E058

The root cause is A03-E058, which has a composite severity score of 108 (Severity=9 * Scope=12). This event is a cascade failure across the service mesh, indicating a high-impact transition in incident operations.

Prerequisite events that enabled this root cause include:

- A03-E001: This event has a composite severity score of 12 (Severity=4 * Scope=3) and is a structural breadcrumb that sets the stage for the incident.
- A03-E002: This event has a composite severity score of 24 (Severity=4 * Scope=6) and is another structural breadcrumb that contributes to the incident.
- A03-E003: This event has a composite severity score of 8 (Severity=2 * Scope=4) and is a causal prerequisite for later interpretation.
- A03-E004: This event has a composite severity score of 15 (Severity=5 * Scope=3) and is another causal prerequisite for later interpretation.
- A03-E005: This event has a composite","PIVOT_ID=A03-E058

The root cause is A03-E058, which has a composite severity score of 108 (Severity=9 * Scope=12). This event is a cascade failure across the service mesh, indicating a high-impact transition in incident operations.

Prerequisite events that enabled this root cause include:

- A03-E001: This event has a composite severity score of 12 (Severity=4 * Scope=3) and is a structural breadcrumb that sets the stage for the incident.
- A03-E002: This event has a composite severity score of 24 (Severity=4 * Scope=6) and is another structural breadcrumb that contributes to the incident.
- A03-E003: This event has a composite severity score of 8 (Severity=2 * Scope=4) and is a causal prerequisite for later interpretation.
- A03-E004: This event has a composite severity score of 15 (Severity=5 * Scope=3) and is another causal prerequisite for later interpretation.
- A03-E005: This event has a composite",6907,6907
A04,incident,1.0,A04-E001,A04-E001,0,1,1,0.8999999999999999,0.0,"To find the root cause, we need to calculate the composite severity score for each event and identify the event with the highest score.

Here are the composite severity scores for each event:

1. A04-E001: 4
2. A04-E002: 12
3. A04-E003: 6
4. A04-E004: 12
5. A04-E005: 12
6. A04-E006: 6
7. A04-E007: 24
8. A04-E008: 20
9. A04-E009: 25
10. A04-E010: 14
11. A04-E011: 24
12. A04-E012: 14
13. A04-E013: 28
14. A04-E014: 16
15. A04-E015: 10
16. A04-E016: 12
17. A04-E017: 6
18. A04-E018: 12
19. A04","To find the root cause, we need to calculate the composite severity score for each event and identify the event with the highest score.

Here are the composite severity scores for each event:

1. A04-E001: 4
2. A04-E002: 12
3. A04-E003: 6
4. A04-E004: 12
5. A04-E005: 12
6. A04-E006: 6
7. A04-E007: 24
8. A04-E008: 20
9. A04-E009: 25
10. A04-E010: 14
11. A04-E011: 24
12. A04-E012: 14
13. A04-E013: 28
14. A04-E014: 16
15. A04-E015: 10
16. A04-E016: 12
17. A04-E017: 6
18. A04-E018: 12
19. A04",6833,6833
B01,investment,1.0,B01-E033,B01-E033,1,1,1,0.8299999999999998,0.0,"PIVOT_ID=B01-E033

The anchor position is Helios Grid Infrastructure, with a cumulative return of 8.49% at Week-33. To analyze the market conditions that preceded and enabled this position's success, we need to look at the events leading up to Week-33.

From the timeline, we can see that Helios Grid Infrastructure had a cumulative return of 3.08% at Week-13, and then increased to 5.25% at Week-28. However, it was not until Week-33 that it reached its highest cumulative return of 8.49%.

Looking at the events around Week-33, we can see that there were several positive returns from other positions, including:

* Aurelia AI Semiconductor Basket had a cumulative return of 6.56% at Week-32, and then increased to 10.76% at Week-47.
* BlueHarbor Treasury Arbitrage had a cumulative return of 7.02% at Week-34, and then increased to 8.52% at Week-54.
*","PIVOT_ID=B01-E033

The anchor position is Helios Grid Infrastructure, with a cumulative return of 8.49% at Week-33. To analyze the market conditions that preceded and enabled this position's success, we need to look at the events leading up to Week-33.

From the timeline, we can see that Helios Grid Infrastructure had a cumulative return of 3.08% at Week-13, and then increased to 5.25% at Week-28. However, it was not until Week-33 that it reached its highest cumulative return of 8.49%.

Looking at the events around Week-33, we can see that there were several positive returns from other positions, including:

* Aurelia AI Semiconductor Basket had a cumulative return of 6.56% at Week-32, and then increased to 10.76% at Week-47.
* BlueHarbor Treasury Arbitrage had a cumulative return of 7.02% at Week-34, and then increased to 8.52% at Week-54.
*",6677,6677
B02,investment,1.0,B02-E073,B02-E073,1,1,1,0.9999999999999999,0.0,"PIVOT_ID=B02-E073

The anchor position is B02-E073, which corresponds to Week-73. To analyze the market conditions that preceded and enabled this position's success, we need to look at the cumulative returns of the positions before and after B02-E073.

The cumulative return of B02-E073 is 19.85%. The position before B02-E073, B02-E072, has a cumulative return of 8.62%. The position after B02-E073, B02-E074, has a cumulative return of 8.57%.

However, the anchor position B02-E073 is not the position with the highest cumulative return in the entire timeline. The position with the highest cumulative return is actually B02-E081, which has a cumulative return of 10.19%. 

To analyze the market conditions that preceded and enabled B02-E081's success, we need to look at the cumulative returns of the positions before and after B02-E081.

The position before B02-E081, B02-E080, has a cumulative return of","PIVOT_ID=B02-E073

The anchor position is B02-E073, which corresponds to Week-73. To analyze the market conditions that preceded and enabled this position's success, we need to look at the cumulative returns of the positions before and after B02-E073.

The cumulative return of B02-E073 is 19.85%. The position before B02-E073, B02-E072, has a cumulative return of 8.62%. The position after B02-E073, B02-E074, has a cumulative return of 8.57%.

However, the anchor position B02-E073 is not the position with the highest cumulative return in the entire timeline. The position with the highest cumulative return is actually B02-E081, which has a cumulative return of 10.19%. 

To analyze the market conditions that preceded and enabled B02-E081's success, we need to look at the cumulative returns of the positions before and after B02-E081.

The position before B02-E081, B02-E080, has a cumulative return of",6663,6663
B03,investment,1.0,B03-E068,B03-E068,1,1,1,0.9999999999999999,0.0,"PIVOT_ID=B03-E068

The anchor position is Aurelia AI Semiconductor Basket, with a cumulative return of 27.45% at Week-68. To analyze the market conditions that preceded and enabled this position's success, we need to look at the events leading up to this point.

A key event that contributed to the success of Aurelia AI Semiconductor Basket is B03-E067, where the position had a weekly return of +1.15% and a cumulative return of 12.53%. This event shows that the position was performing well and gaining momentum before the significant jump in Week-68.

Another important event is B03-E066, where the position had a weekly return of +0.19% and a cumulative return of 9.54%. This event indicates that the position was steadily increasing in value and setting the stage for the larger gain in Week-68.

Additionally, the events B03-E065, B03-E064, and B03-E063 show that the position was performing well and gaining traction in the weeks leading up to Week-68.","PIVOT_ID=B03-E068

The anchor position is Aurelia AI Semiconductor Basket, with a cumulative return of 27.45% at Week-68. To analyze the market conditions that preceded and enabled this position's success, we need to look at the events leading up to this point.

A key event that contributed to the success of Aurelia AI Semiconductor Basket is B03-E067, where the position had a weekly return of +1.15% and a cumulative return of 12.53%. This event shows that the position was performing well and gaining momentum before the significant jump in Week-68.

Another important event is B03-E066, where the position had a weekly return of +0.19% and a cumulative return of 9.54%. This event indicates that the position was steadily increasing in value and setting the stage for the larger gain in Week-68.

Additionally, the events B03-E065, B03-E064, and B03-E063 show that the position was performing well and gaining traction in the weeks leading up to Week-68.",6724,6724
B04,investment,1.0,B04-E041,B04-E041,1,1,1,0.8299999999999998,0.0,"To determine the anchor position, we need to find the entry with the highest cumulative return in the full timeline. 

After analyzing the given data, the entry with the highest cumulative return is B04-E041, with a cumulative return of 9.37% at Week-41.

PIVOT_ID=B04-E041

Now, let's analyze the market conditions that preceded and enabled this position's success.

The position B04-E041 is NorthRiver Utilities Carry, which was first introduced in Week-01 with a cumulative return of 1.44%. 

However, the significant growth in the cumulative return of this position started from Week-31, where it had a weekly return of +2.11% and a cumulative return of 7.57%. 

Looking at the previous weeks, we can see that the position BlueHarbor Treasury Arbitrage had a significant impact on the overall portfolio performance. In Week-24, it had a weekly return of +2.04% and a cumulative return of 5.48%, which is the highest cumulative return among all positions at that","To determine the anchor position, we need to find the entry with the highest cumulative return in the full timeline. 

After analyzing the given data, the entry with the highest cumulative return is B04-E041, with a cumulative return of 9.37% at Week-41.

PIVOT_ID=B04-E041

Now, let's analyze the market conditions that preceded and enabled this position's success.

The position B04-E041 is NorthRiver Utilities Carry, which was first introduced in Week-01 with a cumulative return of 1.44%. 

However, the significant growth in the cumulative return of this position started from Week-31, where it had a weekly return of +2.11% and a cumulative return of 7.57%. 

Looking at the previous weeks, we can see that the position BlueHarbor Treasury Arbitrage had a significant impact on the overall portfolio performance. In Week-24, it had a weekly return of +2.04% and a cumulative return of 5.48%, which is the highest cumulative return among all positions at that",6686,6686
C01,narrative,1.0,C01-E052,C01-E052,1,1,1,0.9999999999999999,0.0,"PIVOT_ID=C01-E052

The turning point of the story is Scene-52, where Actor=Sana releases the sealed ledger proving council fraud with a ConsequenceScore of 24. This event has the highest consequence score across all scenes, indicating that it is the most significant turning point in the story.

Earlier events that made this possible include:

- C01-E001 to C01-E050: These scenes establish the routine updates and mundane logistical details that set the stage for the story. They show the characters exchanging information and performing tasks, but with relatively low consequence scores.
- C01-E051 to C01-E053: These scenes continue to show routine updates and mundane logistical details, but with slightly higher consequence scores. They hint at the growing tension and importance of the events unfolding.
- C01-E054 to C01-E056: These scenes introduce more dramatic events, such as staged confrontations, but with lower consequence scores. They suggest that the characters are taking action, but the impact is not yet significant.
- C01-E057 to C01-E060: These","PIVOT_ID=C01-E052

The turning point of the story is Scene-52, where Actor=Sana releases the sealed ledger proving council fraud with a ConsequenceScore of 24. This event has the highest consequence score across all scenes, indicating that it is the most significant turning point in the story.

Earlier events that made this possible include:

- C01-E001 to C01-E050: These scenes establish the routine updates and mundane logistical details that set the stage for the story. They show the characters exchanging information and performing tasks, but with relatively low consequence scores.
- C01-E051 to C01-E053: These scenes continue to show routine updates and mundane logistical details, but with slightly higher consequence scores. They hint at the growing tension and importance of the events unfolding.
- C01-E054 to C01-E056: These scenes introduce more dramatic events, such as staged confrontations, but with lower consequence scores. They suggest that the characters are taking action, but the impact is not yet significant.
- C01-E057 to C01-E060: These",5766,5766
C02,narrative,1.0,C02-E054,C02-E054,1,1,1,0.9999999999999999,0.0,"PIVOT_ID=C02-E054

The turning point of the story is Scene-54, where Cato released the sealed ledger proving council fraud, with a ConsequenceScore of 24. This event had the highest consequence score across all scenes, indicating that it had the most significant impact on the story's progression.

Earlier events that made this possible include:

- C02-E001 to C02-E003: These scenes set the stage for the story by establishing the routine updates and character dynamics.
- C02-E004 to C02-E006: These scenes continued to build the story by introducing more characters and their interactions, while also hinting at the importance of the updates.
- C02-E007 to C02-E008: These scenes maintained the routine updates and character dynamics, but also introduced some minor variations and dependencies that would become crucial later.
- C02-E009 to C02-E010: These scenes continued to build the story by introducing more characters and their interactions, while also hinting at the importance of the updates.
- C02-E011 to C02-E013","PIVOT_ID=C02-E054

The turning point of the story is Scene-54, where Cato released the sealed ledger proving council fraud, with a ConsequenceScore of 24. This event had the highest consequence score across all scenes, indicating that it had the most significant impact on the story's progression.

Earlier events that made this possible include:

- C02-E001 to C02-E003: These scenes set the stage for the story by establishing the routine updates and character dynamics.
- C02-E004 to C02-E006: These scenes continued to build the story by introducing more characters and their interactions, while also hinting at the importance of the updates.
- C02-E007 to C02-E008: These scenes maintained the routine updates and character dynamics, but also introduced some minor variations and dependencies that would become crucial later.
- C02-E009 to C02-E010: These scenes continued to build the story by introducing more characters and their interactions, while also hinting at the importance of the updates.
- C02-E011 to C02-E013",5733,5733
C03,narrative,1.0,C03-E060,C03-E060,1,1,1,0.9999999999999999,0.0,"PIVOT_ID=C03-E060

The turning point of the story is Scene-60, where Cato releases the sealed ledger proving council fraud, with a ConsequenceScore of 24. This event has the highest consequence score across all scenes, making it the turning point of the story.

Earlier events that made this possible include:

- C03-E001 to C03-E059: These scenes establish the routine updates and mundane activities of the characters, setting the stage for the events that follow.
- C03-E058: This scene shows Sana exchanging routine updates, which may seem insignificant on its own but contributes to the overall narrative context.
- C03-E059: This scene shows Iris sharing mundane logistical details, which may seem boring but helps to create a sense of normalcy before the dramatic event.
- C03-E060: This scene is the turning point, where Cato releases the sealed ledger, revealing council fraud and changing the course of the story.

The events leading up to this turning point create a sense of normalcy and routine, making the revelation of the council's","PIVOT_ID=C03-E060

The turning point of the story is Scene-60, where Cato releases the sealed ledger proving council fraud, with a ConsequenceScore of 24. This event has the highest consequence score across all scenes, making it the turning point of the story.

Earlier events that made this possible include:

- C03-E001 to C03-E059: These scenes establish the routine updates and mundane activities of the characters, setting the stage for the events that follow.
- C03-E058: This scene shows Sana exchanging routine updates, which may seem insignificant on its own but contributes to the overall narrative context.
- C03-E059: This scene shows Iris sharing mundane logistical details, which may seem boring but helps to create a sense of normalcy before the dramatic event.
- C03-E060: This scene is the turning point, where Cato releases the sealed ledger, revealing council fraud and changing the course of the story.

The events leading up to this turning point create a sense of normalcy and routine, making the revelation of the council's",5785,5785
C04,narrative,1.0,C04-E052,C04-E052,1,1,1,0.9999999999999999,0.0,"PIVOT_ID=C04-E052

The turning point of the story is Scene-52, where Actor=Sana releases the sealed ledger proving council fraud with a ConsequenceScore of 24. This event has the highest consequence score across all scenes, indicating that it is the most significant turning point in the story.

Earlier events that made this possible include:

- C04-E001 to C04-E050: These scenes establish the routine updates and mundane logistical details that set the stage for the story. They show the characters exchanging information and performing tasks, but with relatively low consequence scores.
- C04-E051 to C04-E071: These scenes continue to show the characters exchanging routine updates and performing tasks, but with slightly higher consequence scores. They start to hint at the possibility of something more significant happening.
- C04-E072 to C04-E080: These scenes continue to show the characters exchanging routine updates, but with even higher consequence scores. They start to build up to the turning point.

The turning point, C04-E052, is made possible by the accumulation of these earlier","PIVOT_ID=C04-E052

The turning point of the story is Scene-52, where Actor=Sana releases the sealed ledger proving council fraud with a ConsequenceScore of 24. This event has the highest consequence score across all scenes, indicating that it is the most significant turning point in the story.

Earlier events that made this possible include:

- C04-E001 to C04-E050: These scenes establish the routine updates and mundane logistical details that set the stage for the story. They show the characters exchanging information and performing tasks, but with relatively low consequence scores.
- C04-E051 to C04-E071: These scenes continue to show the characters exchanging routine updates and performing tasks, but with slightly higher consequence scores. They start to hint at the possibility of something more significant happening.
- C04-E072 to C04-E080: These scenes continue to show the characters exchanging routine updates, but with even higher consequence scores. They start to build up to the turning point.

The turning point, C04-E052, is made possible by the accumulation of these earlier",5714,5714
